<?xml version="1.0" encoding="UTF-8" standalone="no" ?><ex4D:plugin xmlns:ex4D="http://www.4d.com/plugin">  <!--SVG Converter-->  <ex4D:documentation name="SVG Converter" plugin-id="20000">    <ex4D:plugin-description>      <!-- write documentation for SVG Converter here -->    </ex4D:plugin-description>    <ex4D:commands>      <ex4D:command-group command-group-id="1" name="Convert Many">        <ex4D:command command-id="1" name="SVG Convert array">          <ex4D:command-description>            <!-- write documentation for SVG Convert array here -->          </ex4D:command-description>          <ex4D:argument argument-id="1" label="" type="Y">            <!-- write documentation for $1 (ARRAY) here-->          </ex4D:argument>          <ex4D:argument argument-id="2" label="" type="O">            <!-- write documentation for $2 (BLOB) here-->          </ex4D:argument>          <ex4D:argument argument-id="3" label="" type="L">            <!-- write documentation for $3 (LONGINT) here-->          </ex4D:argument>          <ex4D:argument argument-id="4" label="" type="Y">            <!-- write documentation for $4 (ARRAY) here-->          </ex4D:argument>          <ex4D:argument argument-id="5" label="" type="Y">            <!-- write documentation for $5 (ARRAY) here-->          </ex4D:argument>          <ex4D:argument argument-id="6" label="" type="T">            <!-- write documentation for $6 (TEXT) here-->          </ex4D:argument>          <ex4D:argument argument-id="7" label="" type="T">            <!-- write documentation for $7 (TEXT) here-->          </ex4D:argument>          <ex4D:return-value label="" type="L">            <!-- write documentation for return value (LONGINT) here-->          </ex4D:return-value>        </ex4D:command>      </ex4D:command-group>      <ex4D:command-group command-group-id="2" name="Convert One">        <ex4D:command command-id="2" name="SVG Convert">          <ex4D:command-description>            <!-- write documentation for SVG Convert here -->          </ex4D:command-description>          <ex4D:argument argument-id="1" label="" type="P">            <!-- write documentation for $1 (PICTURE) here-->          </ex4D:argument>          <ex4D:argument argument-id="2" label="" type="O">            <!-- write documentation for $2 (BLOB) here-->          </ex4D:argument>          <ex4D:argument argument-id="3" label="" type="L">            <!-- write documentation for $3 (LONGINT) here-->          </ex4D:argument>          <ex4D:argument argument-id="4" label="" type="Y">            <!-- write documentation for $4 (ARRAY) here-->          </ex4D:argument>          <ex4D:argument argument-id="5" label="" type="Y">            <!-- write documentation for $5 (ARRAY) here-->          </ex4D:argument>          <ex4D:argument argument-id="6" label="" type="T">            <!-- write documentation for $6 (TEXT) here-->          </ex4D:argument>          <ex4D:argument argument-id="7" label="" type="T">            <!-- write documentation for $7 (TEXT) here-->          </ex4D:argument>          <ex4D:return-value label="" type="L">            <!-- write documentation for return value (LONGINT) here-->          </ex4D:return-value>        </ex4D:command>      </ex4D:command-group>      <ex4D:command-group command-group-id="3" name="URL">        <ex4D:command command-id="3" name="URL Convert from path">          <ex4D:command-description>            <!-- write documentation for URL Convert from path here -->          </ex4D:command-description>          <ex4D:argument argument-id="1" label="" type="T">            <!-- write documentation for $1 (TEXT) here-->          </ex4D:argument>          <ex4D:return-value label="" type="T">            <!-- write documentation for return value (TEXT) here-->          </ex4D:return-value>        </ex4D:command>        <ex4D:command command-id="4" name="URL Convert to path">          <ex4D:command-description>            <!-- write documentation for URL Convert to path here -->          </ex4D:command-description>          <ex4D:argument argument-id="1" label="" type="T">            <!-- write documentation for $1 (TEXT) here-->          </ex4D:argument>          <ex4D:return-value label="" type="T">            <!-- write documentation for return value (TEXT) here-->          </ex4D:return-value>        </ex4D:command>      </ex4D:command-group>    </ex4D:commands>    <ex4D:constants>      <ex4D:constant-group constant-group-id="1" name="SVG Converter Options" number="20000">        <ex4D:constant constant-id="1" name="SVG_DPI_X" type="L" value="1">          <!-- write documentation for SVG_DPI_X (1) here-->        </ex4D:constant>        <ex4D:constant constant-id="2" name="SVG_DPI_Y" type="L" value="2">          <!-- write documentation for SVG_DPI_Y (2) here-->        </ex4D:constant>        <ex4D:constant constant-id="3" name="SVG_ZOOM_X" type="L" value="3">          <!-- write documentation for SVG_ZOOM_X (3) here-->        </ex4D:constant>        <ex4D:constant constant-id="4" name="SVG_ZOOM_Y" type="L" value="4">          <!-- write documentation for SVG_ZOOM_Y (4) here-->        </ex4D:constant>        <ex4D:constant constant-id="5" name="SVG_ZOOM" type="L" value="5">          <!-- write documentation for SVG_ZOOM (5) here-->        </ex4D:constant>        <ex4D:constant constant-id="6" name="SVG_WIDTH" type="L" value="6">          <!-- write documentation for SVG_WIDTH (6) here-->        </ex4D:constant>        <ex4D:constant constant-id="7" name="SVG_HEIGHT" type="L" value="7">          <!-- write documentation for SVG_HEIGHT (7) here-->        </ex4D:constant>        <ex4D:constant constant-id="8" name="SVG_KEEP_ASPECT_RATIO" type="L" value="8">          <!-- write documentation for SVG_KEEP_ASPECT_RATIO (8) here-->        </ex4D:constant>      </ex4D:constant-group>      <ex4D:constant-group constant-group-id="2" name="SVG Output Formats" number="20001">        <ex4D:constant constant-id="1" name="SVG Output PDF" type="L" value="0">          <!-- write documentation for SVG Output PDF (0) here-->        </ex4D:constant>        <ex4D:constant constant-id="2" name="SVG Output PNG" type="L" value="1">          <!-- write documentation for SVG Output PNG (1) here-->        </ex4D:constant>        <ex4D:constant constant-id="3" name="SVG Output PS" type="L" value="2">          <!-- write documentation for SVG Output PS (2) here-->        </ex4D:constant>        <ex4D:constant constant-id="4" name="SVG Output SVG" type="L" value="3">          <!-- write documentation for SVG Output SVG (3) here-->        </ex4D:constant>      </ex4D:constant-group>    </ex4D:constants>  </ex4D:documentation></ex4D:plugin>