<?xml version="1.0" encoding="UTF-8"?>
<application xmlns="http://www.4d.com/namespace/reserved/FP/Constants">
   <appid>&quot;0&quot;</appid>
   <fourdversmin>&quot;9.0.0&quot;</fourdversmin>
   <fourdversmax>&quot;9.0.0&quot;</fourdversmax>
   <command name="SVG Convert array" str="20000" topic="1">
      <param position="3" k="20001"/>
      <param position="4" k="20000"/>
   </command>
   <command name="SVG Convert" str="20000" topic="2">
      <param position="3" k="20001"/>
      <param position="4" k="20000"/>
   </command>
</application>
